"RK",TIERS,"PLAYER NAME",TEAM,"FAN PTS","PASS_YDS","PASS_TDS","REC","REC_YDS","REC_TDS","RUSH_ATT","RUSH_YDS","RUSH_TDS"
"1",1,"Christian McCaffrey",CAR,"90.3","0","0","17","149","1","59","225","5"
"2",1,"Dalvin Cook",MIN,"337.8","0","0","44","361","1","312","1557","16"
"3",1,"Alvin Kamara",NO,"377.8","0","0","83","756","5","187","932","16"
"4",2,"Derrick Henry",TEN,"333.1","0","0","19","114","0","378","2027","17"
"5",2,"Ezekiel Elliott",DAL,"223.7","0","0","52","338","2","244","979","6"
"6",2,"Davante Adams",GB,"358.4","0","0","115","1374","18","0","0","0"
"7",2,"Saquon Barkley",NYG,"15.4","0","0","6","60","0","19","34","0"
"8",2,"Tyreek Hill",KC,"328.9","0","0","87","1276","15","13","123","2"
"9",2,"Stefon Diggs",BUF,"328.6","0","0","127","1535","8","1","1","0"
"10",2,"Aaron Jones",GB,"258.9","0","0","47","355","2","201","1104","9"
"11",2,"Austin Ekeler",LAC,"165.3","0","0","54","403","2","116","530","1"
"12",2,"DeAndre Hopkins",ARI,"287.8","0","0","115","1407","6","1","1","0"
"13",3,"Jonathan Taylor",IND,"252.8","0","0","36","299","1","232","1169","11"
"14",3,"Calvin Ridley",ATL,"281.5","0","0","90","1374","9","5","1","0"
"15",3,"Travis Kelce",KC,"312.76","0","0","105","1416","11","0","0","0"
"16",3,"D.K. Metcalf",SEA,"271.3","0","0","83","1303","10","0","0","0"
"17",3,"Darren Waller",LV,"278.6","0","0","107","1196","9","0","0","0"
"18",3,"Justin Jefferson",MIN,"274.2","0","0","88","1400","7","1","2","0"
"19",3,"Nick Chubb",CLE,"207.7","0","0","16","150","0","190","1067","12"
"20",3,"Keenan Allen",LAC,"245.1","0","0","100","992","8","1","-1","0"
"21",3,"A.J. Brown",TEN,"247.5","0","0","70","1075","11","0","0","0"
"22",3,"Joe Mixon",CIN,"99.6","0","0","21","138","1","119","428","3"
"23",4,"Antonio Gibson",WAS,"202.2","0","0","36","247","0","170","795","11"
"24",4,"Allen Robinson II",CHI,"262.9","0","0","102","1250","6","1","-1","0"
"25",4,"Patrick Mahomes II",KC,"380.4","4740","38","0","0","0","62","308","2"
"26",4,"George Kittle",SF,"125.1","0","0","48","634","2","2","17","0"
"27",4,"Terry McLaurin",WAS,"223.8","0","0","87","1118","4","2","30","0"
"28",4,"Clyde Edwards-Helaire",KC,"176","0","0","36","297","1","181","803","4"
"29",4,"Najee Harris",PIT,"0","0","0","0","0","0","0","0","0"
"30",4,"D'Andre Swift",DET,"189.8","0","0","46","357","2","114","521","8"
"31",4,"Robert Woods",LAR,"245.1","0","0","90","936","6","24","155","2"
"32",4,"Amari Cooper",DAL,"236.8","0","0","92","1114","5","6","14","0"
"33",5,"CeeDee Lamb",DAL,"217.7","0","0","74","935","5","10","82","1"
"34",5,"Chris Godwin",TB,"191","0","0","65","840","7","0","0","0"
"35",5,"Mike Evans",TB,"248.6","0","0","70","1006","13","0","0","0"
"36",5,"Julio Jones",TEN,"146.1","0","0","51","771","3","0","0","0"
"37",5,"Chris Carson",SEA,"187.8","0","0","37","287","4","141","681","5"
"38",5,"D.J. Moore",CAR,"211.5","0","0","66","1193","4","2","22","0"
"39",5,"J.K. Dobbins",BAL,"168.5","0","0","18","120","0","134","805","9"
"40",5,"David Montgomery",CHI,"264.8","0","0","54","438","2","247","1070","8"
"41",5,"Miles Sanders",PHI,"170.4","0","0","28","197","0","164","867","6"
"42",5,"Diontae Johnson",PIT,"221.8","0","0","88","923","7","3","15","0"
"43",5,"Cooper Kupp",LAR,"208.7","0","0","92","974","3","4","33","0"
"44",5,"Josh Allen",BUF,"406.06","4544","37","0","0","0","102","421","8"
"45",5,"Tyler Lockett",SEA,"265.4","0","0","100","1054","10","0","0","0"
"46",5,"Adam Thielen",MIN,"254","0","0","74","925","14","3","15","0"
"47",6,"Josh Jacobs",LV,"231.3","0","0","33","238","0","273","1065","12"
"48",6,"Kyler Murray",ARI,"390.74","3971","26","0","0","0","133","819","11"
"49",6,"Myles Gaskin",MIA,"164.2","0","0","41","388","2","142","584","3"
"50",6,"T.J. Hockenson",DET,"175.3","0","0","67","723","6","1","0","0"
"51",6,"Kenny Golladay",NYG,"65.8","0","0","20","338","2","0","0","0"
"52",6,"Lamar Jackson",BAL,"341.78","2757","26","0","0","0","159","1005","7"
"53",6,"Mark Andrews",BAL,"170.1","0","0","58","701","7","0","0","0"
"54",6,"Darrell Henderson",LAR,"130.3","0","0","16","159","1","138","624","5"
"55",6,"Tee Higgins",CIN,"194.6","0","0","67","908","6","5","28","0"
"56",6,"Dak Prescott",DAL,"139.64","1856","9","0","0","0","18","93","3"
"57",6,"Brandon Aiyuk",SF,"184.5","0","0","60","748","5","6","77","2"
"58",6,"Travis Etienne",JAC,"0","0","0","0","0","0","0","0","0"
"59",6,"Mike Davis",ATL,"206.5","0","0","59","373","2","165","642","6"
"60",6,"Kareem Hunt",CLE,"218.5","0","0","38","304","5","198","841","6"
"61",6,"JuJu Smith-Schuster",PIT,"234.1","0","0","97","831","9","0","0","0"
"62",6,"Kyle Pitts",ATL,"0","0","0","0","0","0","0","0","0"
"63",6,"Odell Beckham Jr.",CLE,"86.82","0","0","23","319","3","3","72","1"
"64",6,"Courtland Sutton",DEN,"9.6","0","0","3","66","0","0","0","0"
"65",6,"Chase Edmonds",ARI,"168","0","0","53","402","4","97","448","1"
"66",6,"Russell Wilson",SEA,"372.78","4212","40","0","0","0","83","513","2"
"67",7,"Ja'Marr Chase",CIN,"0","0","0","0","0","0","0","0","0"
"68",7,"Chase Claypool",PIT,"214.9","0","0","62","873","9","10","16","2"
"69",7,"D.J. Chark Jr.",JAC,"153.6","0","0","53","706","5","0","0","0"
"70",7,"Robby Anderson",CAR,"224.2","0","0","95","1096","3","4","15","0"
"71",7,"Tyler Boyd",CIN,"192.64","0","0","79","841","4","5","49","0"
"72",7,"Aaron Rodgers",GB,"388.26","4299","48","0","0","0","38","149","3"
"73",7,"Justin Herbert",LAC,"342.84","4336","31","0","0","0","55","234","5"
"74",7,"Dallas Goedert",PHI,"116.4","0","0","46","524","3","0","0","0"
"75",7,"Jerry Jeudy",DEN,"157.6","0","0","52","856","3","0","0","0"
"76",7,"Deebo Samuel",SF,"80.7","0","0","33","391","1","8","26","0"
"77",7,"Noah Fant",DEN,"149.3","0","0","62","673","3","0","0","0"
"78",7,"Javonte Williams",DEN,"0","0","0","0","0","0","0","0","0"
"79",7,"Brandin Cooks",HOU,"232","0","0","81","1150","6","0","0","0"
"80",7,"Will Fuller V",MIA,"188.9","0","0","53","879","8","1","0","0"
"81",7,"Melvin Gordon III",DEN,"198.4","0","0","32","158","1","215","986","9"
"82",7,"Raheem Mostert",SF,"99.7","0","0","16","156","1","104","521","2"
"83",7,"James Robinson",JAC,"250.4","0","0","49","344","3","240","1070","7"
"84",7,"Michael Thomas",NO,"83.9","0","0","40","438","0","1","1","0"
"85",7,"Damien Harris",NE,"91.3","0","0","5","52","0","137","691","2"
"86",7,"Tom Brady",TB,"349.92","4633","40","0","0","0","30","6","3"
"87",7,"Jarvis Landry",CLE,"187.96","0","0","72","840","3","4","10","1"
"88",7,"Jalen Hurts",PHI,"113.44","1061","6","0","0","0","63","354","3"
"89",7,"Ronald Jones II",TB,"186.3","0","0","28","165","1","192","978","7"
"90",7,"Ryan Tannehill",TEN,"351.36","3819","33","0","0","0","43","266","7"
"91",7,"Curtis Samuel",WAS,"212.1","0","0","77","851","3","41","200","2"
"92",8,"David Johnson",HOU,"179.5","0","0","33","314","2","147","691","6"
"93",8,"Logan Thomas",WAS,"176.62","0","0","72","670","6","3","5","0"
"94",8,"DeVonta Smith",PHI,"0","0","0","0","0","0","0","0","0"
"95",8,"Leonard Fournette",TB,"132","0","0","36","233","0","97","367","6"
"96",8,"Matthew Stafford",LAR,"270.56","4084","26","0","0","0","29","112","0"
"97",8,"Laviska Shenault Jr.",JAC,"157.1","0","0","58","600","5","18","91","0"
"98",8,"Michael Carter",NYJ,"0","0","0","0","0","0","0","0","0"
"99",8,"Joe Burrow",CIN,"178.72","2688","13","0","0","0","37","142","3"
"100",8,"Zack Moss",BUF,"101.6","0","0","14","95","1","112","481","4"
"101",8,"Corey Davis",NYJ,"191.4","0","0","65","984","5","0","0","0"
"102",8,"Antonio Brown",TB,"117.1","0","0","45","483","4","2","-2","0"
"103",8,"Robert Tonyan",GB,"176.6","0","0","52","586","11","0","0","0"
"104",8,"James Conner",ARI,"164.6","0","0","35","215","0","169","721","6"
"105",8,"Kenyan Drake",LV,"192.2","0","0","25","137","0","239","955","10"
"106",8,"DeVante Parker",MIA,"166.3","0","0","63","793","4","0","0","0"
"107",8,"Nyheim Hines",IND,"193.2","0","0","63","482","4","89","380","3"
"108",8,"Tyler Higbee",LAR,"128.2","0","0","44","521","5","1","1","0"
"109",8,"Michael Gallup",DAL,"173.3","0","0","59","843","5","0","0","0"
"110",8,"Mike Gesicki",MIA,"159.3","0","0","53","703","6","0","0","0"
"111",8,"Trey Sermon",SF,"0","0","0","0","0","0","0","0","0"
"112",8,"Mike Williams",LAC,"153.7","0","0","48","756","5","1","1","0"
"113",8,"Michael Pittman Jr.",IND,"98.9","0","0","40","503","1","3","26","0"
"114",8,"Marquise Brown",BAL,"183","0","0","58","769","8","1","1","0"
"115",8,"Matt Ryan",ATL,"293.44","4581","26","0","0","0","29","92","2"
"116",8,"Jamaal Williams",DET,"127.1","0","0","31","236","1","119","505","2"
"117",8,"Devin Singletary",BUF,"143.6","0","0","38","269","0","156","687","2"
"118",8,"Marvin Jones Jr.",JAC,"227.8","0","0","76","978","9","0","0","0"
"119",9,"Kirk Cousins",MIN,"319.2","4265","35","0","0","0","32","156","1"
"120",9,"Tony Pollard",DAL,"120.8","0","0","28","193","1","101","435","4"
"121",9,"Trevor Lawrence",JAC,"0","0","0","0","0","0","0","0","0"
"122",9,"Irv Smith Jr.",MIN,"98.5","0","0","30","365","5","0","0","0"
"123",9,"Tarik Cohen",CHI,"17.5","0","0","6","41","0","14","74","0"
"124",9,"AJ Dillon",GB,"40.3","0","0","2","21","0","46","242","2"
"125",9,"Evan Engram",NYG,"141","0","0","63","654","1","6","26","1"
"126",9,"J.D. McKissic",WAS,"191.4","0","0","80","589","2","85","365","1"
"127",9,"Jonnu Smith",NE,"140.2","0","0","41","448","8","2","4","1"
"128",9,"Darnell Mooney",CHI,"152.1","0","0","61","631","4","4","20","0"
"129",9,"Jaylen Waddle",MIA,"0","0","0","0","0","0","0","0","0"
"130",9,"Latavius Murray",NO,"136.2","0","0","23","176","1","146","656","4"
"131",9,"Gus Edwards",BAL,"128.2","0","0","9","129","0","144","723","6"
"132",9,"Baker Mayfield",CLE,"256.62","3563","26","0","0","0","54","165","1"
"133",9,"T.Y. Hilton",IND,"164.2","0","0","56","762","5","0","0","0"
"134",9,"James White",NE,"116.6","0","0","49","375","1","35","121","2"
"135",9,"Hunter Henry",NE,"145.3","0","0","60","613","4","0","0","0"
"136",9,"Phillip Lindsay",HOU,"66","0","0","7","28","0","118","502","1"
"137",9,"Cole Beasley",BUF,"207.5","0","0","82","967","4","0","0","0"
"138",9,"Tua Tagovailoa",MIA,"140.46","1814","11","0","0","0","36","109","3"
"139",9,"Rob Gronkowski",TB,"149.3","0","0","45","623","7","0","0","0"
"140",9,"Mecole Hardman",KC,"128.1","0","0","41","560","4","4","31","0"
"141",9,"Ryan Fitzpatrick",WAS,"161.74","2091","13","0","0","0","30","151","2"
"142",9,"Cole Kmet",CHI,"62","0","0","28","243","2","1","-3","0"
"143",9,"Daniel Jones",NYG,"190.02","2943","11","0","0","0","65","423","1"
"144",9,"Carson Wentz",IND,"213.4","2620","16","0","0","0","52","276","5"
"145",9,"Blake Jarwin",DAL,"2.2","0","0","1","12","0","0","0","0"
"146",9,"Henry Ruggs III",LV,"84.1","0","0","26","452","2","9","49","0"
"147",9,"Jalen Reagor",PHI,"87.2","0","0","31","396","1","4","26","0"
"148",9,"Ben Roethlisberger",PIT,"277.22","3803","33","0","0","0","25","11","0"
"149",9,"Sterling Shepard",NYG,"162.5","0","0","66","656","3","6","49","1"
"150",9,"Russell Gage",ATL,"181.06","0","0","72","786","4","2","9","0"
"151",9,"Pittsburgh Steelers",PIT,"148","0","0","0","0","0","0","0","0"
"152",9,"Alexander Mattison",MIN,"86.9","0","0","13","125","1","96","434","2"
"153",9,"Los Angeles Rams",LAR,"151","0","0","0","0","0","0","0","0"
"154",10,"Nelson Agholor",NE,"185.6","0","0","48","896","8","0","0","0"
"155",10,"Jamison Crowder",NYJ,"172.02","0","0","59","699","6","1","14","0"
"156",10,"Austin Hooper",CLE,"113.5","0","0","46","435","4","0","0","0"
"157",10,"Adam Trautman",NO,"38.1","0","0","15","171","1","0","0","0"
"158",10,"John Brown",LV,"96.8","0","0","33","458","3","0","0","0"
"159",10,"Baltimore Ravens",BAL,"141","0","0","0","0","0","0","0","0"
"160",10,"Derek Carr",LV,"281.12","4103","27","0","0","0","39","140","3"
"161",10,"Tevin Coleman",NYJ,"12.7","0","0","4","34","0","28","53","0"
"162",10,"Giovani Bernard",TB,"158.1","0","0","47","355","3","124","416","3"
"163",10,"Gerald Everett",SEA,"92.9","0","0","41","417","1","1","2","1"
"164",10,"Rashod Bateman",BAL,"0","0","0","0","0","0","0","0","0"
"165",10,"Rashaad Penny",SEA,"3.4","0","0","0","0","0","11","34","0"
"166",10,"Christian Kirk",ARI,"146.4","0","0","48","621","6","2","3","0"
"167",10,"Justin Fields",CHI,"0","0","0","0","0","0","0","0","0"
"168",10,"Tre'Quan Smith",NO,"103.1","0","0","34","448","4","1","3","0"
"169",10,"San Francisco 49ers",SF,"88","0","0","0","0","0","0","0","0"
"170",10,"Justin Tucker",BAL,"145","0","0","0","0","0","0","0","0"
"171",10,"Indianapolis Colts",IND,"146","0","0","0","0","0","0","0","0"
"172",10,"Elijah Moore",NYJ,"0","0","0","0","0","0","0","0","0"
"173",10,"Parris Campbell",IND,"14.7","0","0","6","71","0","2","16","0"
"174",10,"Washington Football Team",WAS,"127","0","0","0","0","0","0","0","0"
"175",10,"Jared Cook",LAC,"127.4","0","0","37","504","7","0","0","0"
"176",10,"Gabriel Davis",BUF,"136.9","0","0","35","599","7","1","0","0"
"177",10,"Eric Ebron",PIT,"141.8","0","0","56","558","5","0","0","0"
"178",10,"Zach Ertz",PHI,"77.5","0","0","36","335","1","0","0","0"
"179",10,"Tampa Bay Buccaneers",TB,"117","0","0","0","0","0","0","0","0"
"180",10,"Harrison Butker",KC,"134","0","0","0","0","0","0","0","0"
"181",10,"Anthony Firkser",TEN,"83.7","0","0","39","387","1","0","0","0"
"182",10,"Sam Darnold",CAR,"145.02","2208","9","0","0","0","37","217","2"
"183",10,"Younghoe Koo",ATL,"168","0","0","0","0","0","0","0","0"
"184",10,"Emmanuel Sanders",BUF,"164.8","0","0","61","726","5","1","12","0"
"185",10,"Salvon Ahmed",MIA,"69","0","0","11","61","0","75","319","3"
"186",10,"Jakobi Meyers",NE,"142.52","0","0","59","729","0","2","9","0"
"187",10,"Buffalo Bills",BUF,"118","0","0","0","0","0","0","0","0"
"188",10,"Rondale Moore",ARI,"0","0","0","0","0","0","0","0","0"
"189",10,"New England Patriots",NE,"106","0","0","0","0","0","0","0","0"
"190",11,"New Orleans Saints",NO,"124","0","0","0","0","0","0","0","0"
"191",11,"Breshad Perriman",DET,"99.1","0","0","30","505","3","1","6","0"
"192",11,"Kenneth Gainwell",PHI,"0","0","0","0","0","0","0","0","0"
"193",11,"Darius Slayton",NYG,"141","0","0","50","751","3","2","-1","0"
"194",11,"Greg Zuerlein",DAL,"153","0","0","0","0","0","0","0","0"
"195",11,"Kansas City Chiefs",KC,"106","0","0","0","0","0","0","0","0"
"196",11,"Marlon Mack",IND,"8.6","0","0","3","30","0","4","26","0"
"197",11,"Allen Lazard",GB,"97.8","0","0","33","451","3","2","17","0"
"198",11,"Sony Michel",NE,"75.3","0","0","7","114","1","79","449","1"
"199",11,"Darrel Williams",KC,"54.5","0","0","18","116","0","39","169","1"
"200",11,"Denzel Mims",NYJ,"60.7","0","0","23","357","0","0","0","0"
"201",11,"Zach Wilson",NYJ,"0","0","0","0","0","0","0","0","0"
"202",11,"Jared Goff",DET,"252.98","3952","20","0","0","0","51","99","4"
"203",11,"Wil Lutz",NO,"135","0","0","0","0","0","0","0","0"
"204",11,"Trey Lance",SF,"0","0","0","0","0","0","0","0","0"
"205",11,"A.J. Green",ARI,"111.3","0","0","47","523","2","0","0","0"
"206",11,"Jameis Winston",NO,"2.4","75","0","0","0","0","8","-6","0"
"207",11,"Jason Sanders",MIA,"172","0","0","0","0","0","0","0","0"
"208",11,"Hayden Hurst",ATL,"149.1","0","0","56","571","6","0","0","0"
"209",11,"Cam Newton",NE,"270.98","2657","8","0","0","0","137","592","12"
"210",11,"Darrynton Evans",TEN,"16.1","0","0","2","27","1","14","54","0"
"211",11,"Chicago Bears",CHI,"90","0","0","0","0","0","0","0","0"
"212",11,"Damien Williams",CHI,"0","0","0","0","0","0","0","0","0"
"213",11,"Los Angeles Chargers",LAC,"73","0","0","0","0","0","0","0","0"
"214",11,"Amon-Ra St. Brown",DET,"0","0","0","0","0","0","0","0","0"
"215",11,"Miami Dolphins",MIA,"141","0","0","0","0","0","0","0","0"
"216",11,"Rodrigo Blankenship",IND,"150","0","0","0","0","0","0","0","0"
"217",11,"Joshua Kelley",LAC,"81.2","0","0","23","148","0","111","354","2"
"218",11,"Matt Prater",ARI,"117","0","0","0","0","0","0","0","0"
"219",11,"Denver Broncos",DEN,"73","0","0","0","0","0","0","0","0"
"220",11,"Bryan Edwards",LV,"36.3","0","0","11","193","1","0","0","0"
"221",11,"Sammy Watkins",BAL,"88.4","0","0","37","421","2","1","3","0"
"222",11,"Robbie Gould",SF,"106","0","0","0","0","0","0","0","0"
"223",11,"Cleveland Browns",CLE,"97","0","0","0","0","0","0","0","0"
"224",11,"Justin Jackson",LAC,"65.3","0","0","19","173","0","59","270","0"
"225",11,"Marquez Valdes-Scantling",GB,"137.3","0","0","33","690","6","4","13","0"
"226",11,"Randall Cobb",GB,"100.1","0","0","38","441","3","0","0","0"
"227",11,"Tyler Bass",BUF,"157","0","0","0","0","0","0","0","0"
"228",11,"Carlos Hyde",JAC,"84.9","0","0","16","93","0","81","356","4"
"229",11,"Mark Ingram II",HOU,"52.9","0","0","6","50","0","72","299","2"
"230",11,"Chuba Hubbard",CAR,"0","0","0","0","0","0","0","0","0"
"231",11,"Benny Snell Jr.",PIT,"74.9","0","0","10","61","0","111","368","4"
"232",11,"Jason Myers",SEA,"138","0","0","0","0","0","0","0","0"
"233",11,"Terrace Marshall Jr.",CAR,"0","0","0","0","0","0","0","0","0"
"234",12,"Dawson Knox",BUF,"66.8","0","0","24","288","3","0","0","0"
"235",12,"Ryan Succop",TB,"145","0","0","0","0","0","0","0","0"
"236",12,"Josh Reynolds",TEN,"124.3","0","0","52","618","2","1","5","0"
"237",12,"Green Bay Packers",GB,"94","0","0","0","0","0","0","0","0"
"238",12,"Seattle Seahawks",SEA,"103","0","0","0","0","0","0","0","0"
"239",12,"Boston Scott",PHI,"95.6","0","0","25","212","1","80","374","1"
"240",12,"O.J. Howard",TB,"37.6","0","0","11","146","2","0","0","0"
"241",12,"Deshaun Watson",HOU,"376.32","4823","33","0","0","0","90","444","3"
"242",12,"Malcolm Brown",MIA,"109.1","0","0","23","162","0","101","419","5"
"243",12,"Jerick McKinnon",KC,"126.2","0","0","33","253","1","81","319","5"
"244",12,"Michael Badgley",LAC,"120","0","0","0","0","0","0","0","0"
"245",12,"Minnesota Vikings",MIN,"60","0","0","0","0","0","0","0","0"
"246",12,"Anthony Miller",HOU,"108.7","0","0","49","485","2","2","12","0"
"247",12,"Hunter Renfrow",LV,"131.6","0","0","56","656","2","0","0","0"
"248",12,"KJ Hamler",DEN,"90.1","0","0","30","381","3","9","40","0"
"249",12,"Mason Crosby",GB,"120","0","0","0","0","0","0","0","0"
"250",12,"Van Jefferson",LAR,"46.9","0","0","19","220","1","1","-1","0"
"251",12,"Taysom Hill",NO,"158.62","928","4","0","0","0","87","457","8"
"252",12,"Tim Patrick",DEN,"161.2","0","0","51","742","6","0","0","0"
"253",12,"Chris Herndon IV",NYJ,"73.7","0","0","31","287","3","0","0","0"
"254",12,"Tyrell Williams",DET,"0","0","0","0","0","0","0","0","0"
"255",12,"Philadelphia Eagles",PHI,"101","0","0","0","0","0","0","0","0"
"256",12,"Kadarius Toney",NYG,"0","0","0","0","0","0","0","0","0"
"257",12,"DeSean Jackson",LAR,"44.8","0","0","14","236","1","1","12","0"
"258",12,"Jeff Wilson Jr.",SF,"142.3","0","0","13","133","3","126","600","7"
"259",12,"Rhamondre Stevenson",NE,"0","0","0","0","0","0","0","0","0"
"260",12,"La'Mical Perine",NYJ,"52.5","0","0","11","63","0","64","232","2"
"261",12,"Dan Arnold",CAR,"96.8","0","0","31","438","4","0","0","0"
"262",12,"Daniel Carlson",LV,"155","0","0","0","0","0","0","0","0"
"263",12,"Kerryon Johnson",PHI,"71.8","0","0","19","187","1","52","181","2"
"264",12,"Amari Rodgers",GB,"0","0","0","0","0","0","0","0","0"
"265",12,"James Washington",PIT,"99.2","0","0","30","392","5","0","0","0"
"266",12,"Brandon McManus",DEN,"136","0","0","0","0","0","0","0","0"
"267",12,"Jake Elliott",PHI,"75","0","0","0","0","0","0","0","0"
"268",12,"Jack Doyle",IND,"64.1","0","0","23","251","3","0","0","0"
"269",12,"Matt Breida",BUF,"42","0","0","9","96","0","59","254","0"
"270",12,"Tennessee Titans",TEN,"66","0","0","0","0","0","0","0","0"
"271",12,"Joey Slye",CAR,"129","0","0","0","0","0","0","0","0"
"272",12,"Wayne Gallman",SF,"136.6","0","0","21","114","0","147","682","6"
"273",12,"Preston Williams",MIA,"74.8","0","0","18","288","4","0","0","0"
"274",12,"Anthony McFarland Jr.",PIT,"22.7","0","0","6","54","0","33","113","0"
"275",12,"Javian Hawkins",ATL,"0","0","0","0","0","0","0","0","0"
"276",12,"Teddy Bridgewater",DEN,"252.26","3733","15","0","0","0","53","279","5"
"277",12,"Devontae Booker",NYG,"85.7","0","0","17","84","0","93","423","3"
"278",12,"New York Giants",NYG,"103","0","0","0","0","0","0","0","0"
"279",12,"Ty Johnson",NYJ,"63.3","0","0","16","99","1","54","254","1"
"280",12,"Chris Boswell",PIT,"100","0","0","0","0","0","0","0","0"
"281",12,"Ka'imi Fairbairn",HOU,"132","0","0","0","0","0","0","0","0"
"282",12,"Jimmy Garoppolo",SF,"69.34","1096","7","0","0","0","10","25","0"
"283",12,"Jimmy Graham",CHI,"143.6","0","0","50","456","8","0","0","0"
"284",12,"Keke Coutee",HOU,"87","0","0","33","400","3","0","0","0"
"285",13,"Rashard Higgins",CLE,"120.9","0","0","37","599","4","0","0","0"
"286",13,"New York Jets",NYJ,"67","0","0","0","0","0","0","0","0"
"287",13,"Ke'Shawn Vaughn",TB,"23.3","0","0","5","34","1","26","109","0"
"288",13,"Dustin Hopkins",WAS,"128","0","0","0","0","0","0","0","0"
"289",13,"Arizona Cardinals",ARI,"108","0","0","0","0","0","0","0","0"
"290",13,"Nico Collins",HOU,"0","0","0","0","0","0","0","0","0"
"291",13,"Zach Pascal",IND,"136.9","0","0","44","629","5","0","0","0"
"292",13,"Kendrick Bourne",NE,"129.7","0","0","49","667","2","0","0","0"
"293",13,"Josh Lambo",JAC,"28","0","0","0","0","0","0","0","0"
"294",13,"N'Keal Harry",NE,"73.9","0","0","33","309","2","2","0","0"
"295",13,"Samaje Perine",CIN,"65.7","0","0","11","66","0","63","301","3"
"296",13,"Drew Lock",DEN,"196.32","2933","16","0","0","0","44","160","3"
"297",13,"Quintez Cephus",DET,"66.9","0","0","20","349","2","0","0","0"
"298",13,"Dallas Cowboys",DAL,"76","0","0","0","0","0","0","0","0"
"299",13,"Matt Gay",LAR,"66","0","0","0","0","0","0","0","0"
"300",13,"Kyle Rudolph",NYG,"65.4","0","0","28","334","1","0","0","0"
"301",13,"Tyron Johnson",LAC,"79.5","0","0","20","398","3","3","17","0"
"302",13,"Ian Thomas",CAR,"40.5","0","0","20","145","1","0","0","0"
"303",13,"Keelan Cole Sr.",NYJ,"155.4","0","0","55","642","5","1","2","0"
"304",13,"Travis Fulgham",PHI,"115.9","0","0","38","539","4","0","0","0"
"305",13,"Jalen Richard",LV,"51.1","0","0","19","138","0","22","123","1"
"306",13,"Jacksonville Jaguars",JAC,"58","0","0","0","0","0","0","0","0"
"307",13,"Graham Gano",NYG,"133","0","0","0","0","0","0","0","0"
"308",13,"Le'Veon Bell",FA,"74.6","0","0","16","138","0","82","328","2"
"309",13,"Austin Seibert",CIN,"27","0","0","0","0","0","0","0","0"
"310",13,"Zane Gonzalez",FA,"98","0","0","0","0","0","0","0","0"
"311",13,"Donovan Peoples-Jones",CLE,"58.4","0","0","14","304","2","0","0","0"
"312",13,"Stephen Gostkowski",FA,"119","0","0","0","0","0","0","0","0"
"313",13,"Scotty Miller",TB,"102.5","0","0","33","501","3","3","14","0"
"314",13,"DeeJay Dallas",SEA,"56.9","0","0","17","111","1","34","108","2"
"315",13,"Todd Gurley II",FA,"163.2","0","0","25","164","0","195","678","9"
"316",13,"Rex Burkhead",HOU,"107.6","0","0","25","192","3","67","274","3"
"317",13,"D'Wayne Eskridge",SEA,"0","0","0","0","0","0","0","0","0"
"318",13,"Atlanta Falcons",ATL,"72","0","0","0","0","0","0","0","0"
"319",13,"Tyrod Taylor",HOU,"9.02","208","0","0","0","0","6","7","0"
"320",13,"Andy Isabella",ARI,"54.8","0","0","21","224","2","1","-6","0"
"321",13,"Kalen Ballage",PIT,"93.9","0","0","29","166","0","91","303","3"
"322",13,"Duke Johnson Jr.",FA,"84.4","0","0","28","249","1","77","235","1"
"323",13,"Ito Smith",FA,"57.3","0","0","17","75","0","63","268","1"
"324",13,"Marquez Callaway",NO,"42.3","0","0","21","213","0","0","0","0"
"325",13,"Mo Alie-Cox",IND,"80.4","0","0","31","394","2","0","0","0"
"326",13,"Dalton Schultz",DAL,"146.5","0","0","63","615","4","0","0","0"
"327",13,"Xavier Jones",LAR,"0","0","0","0","0","0","0","0","0"
"328",13,"Greg Ward",PHI,"133.1","0","0","53","419","6","2","-4","0"
"329",13,"Jordan Howard",PHI,"30.7","0","0","1","-3","0","35","60","4"
"330",13,"Dyami Brown",WAS,"0","0","0","0","0","0","0","0","0"
"331",13,"Carolina Panthers",CAR,"99","0","0","0","0","0","0","0","0"
"332",13,"Mac Jones",NE,"0","0","0","0","0","0","0","0","0"
"333",13,"Demarcus Robinson",KC,"107.6","0","0","45","466","3","0","0","0"
"334",13,"Justice Hill",BAL,"13","0","0","5","20","0","12","60","0"
"335",13,"Cairo Santos",CHI,"139","0","0","0","0","0","0","0","0"
"336",13,"Eno Benjamin",ARI,"0","0","0","0","0","0","0","0","0"
"337",14,"Miles Boykin",BAL,"69.6","0","0","19","266","4","0","0","0"
"338",14,"Will Dissly",SEA,"61.1","0","0","24","251","2","0","0","0"
"339",14,"Brian Hill",TEN,"95.4","0","0","25","199","0","100","465","1"
"340",14,"Jordan Akins",HOU,"83.7","0","0","37","403","1","1","4","0"
"341",14,"Adrian Peterson",FA,"124.5","0","0","12","101","0","156","604","7"
"342",14,"Olamide Zaccheaus",ATL,"53.4","0","0","20","274","1","1","0","0"
"343",14,"Dan Bailey",FA,"90","0","0","0","0","0","0","0","0"
"344",14,"Donald Parham Jr.",LAC,"43.9","0","0","10","159","3","0","0","0"
"345",14,"Pat Freiermuth",PIT,"0","0","0","0","0","0","0","0","0"
"346",14,"Jordan Wilkins",IND,"61.3","0","0","12","105","0","84","308","1"
"347",14,"Byron Pringle",KC,"41","0","0","13","160","1","0","0","0"
"348",14,"Andy Dalton",CHI,"144.9","2170","14","0","0","0","28","114","0"
"349",14,"C.J. Uzomah",CIN,"22.7","0","0","8","87","1","0","0","0"
"350",14,"John Ross",NYG,"3.7","0","0","2","17","0","0","0","0"
"351",14,"Jermar Jefferson",DET,"0","0","0","0","0","0","0","0","0"
"352",14,"Houston Texans",HOU,"41","0","0","0","0","0","0","0","0"
"353",14,"Elijah Mitchell",SF,"0","0","0","0","0","0","0","0","0"
"354",14,"Cody Parkey",CLE,"110","0","0","0","0","0","0","0","0"
"355",14,"Harrison Bryant",CLE,"61.8","0","0","24","238","3","0","0","0"
"356",14,"Lynn Bowden Jr.",MIA,"53.58","0","0","28","211","0","9","32","0"
"357",14,"David Njoku",CLE,"52.3","0","0","19","213","2","0","0","0"
"358",14,"Chris Thompson",FA,"42.6","0","0","20","146","1","7","20","0"
"359",14,"Josh Palmer",LAC,"0","0","0","0","0","0","0","0","0"
"360",14,"Golden Tate",FA,"86.52","0","0","35","388","2","0","0","0"
"361",14,"Larry Rountree III",LAC,"0","0","0","0","0","0","0","0","0"
"362",14,"Sam Sloman",PIT,"55","0","0","0","0","0","0","0","0"
"363",14,"Tyler Eifert",FA,"82.9","0","0","36","349","2","0","0","0"
"364",14,"Mike Boone",DEN,"14.9","0","0","2","10","0","11","59","1"
"365",14,"Drew Sample",CIN,"78.9","0","0","40","349","1","0","0","0"
"366",14,"Qadree Ollison",ATL,"0.3","0","0","0","0","0","1","3","0"
"367",14,"Steven Sims Jr.",WAS,"57.3","0","0","27","265","1","1","18","0"
"368",14,"Jalen Guyton",LAC,"97.1","0","0","28","511","3","2","0","0"
"369",14,"Peyton Barber",WAS,"55","0","0","4","12","0","94","258","4"
"370",14,"Chris Evans",CIN,"0","0","0","0","0","0","0","0","0"
"371",14,"Deonte Harris",NO,"47.7","0","0","20","186","1","6","51","0"
"372",14,"Dede Westbrook",MIN,"-0.6","0","0","1","4","0","0","0","0"
"373",14,"Jake Funk",LAR,"0","0","0","0","0","0","0","0","0"
"374",14,"Albert Okwuegbunam",DEN,"29.1","0","0","11","121","1","0","0","0"
"375",14,"Randy Bullock",DET,"100","0","0","0","0","0","0","0","0"
"376",14,"Detroit Lions",DET,"29","0","0","0","0","0","0","0","0"
"377",14,"Bryce Love",FA,"0","0","0","0","0","0","0","0","0"
"378",14,"Larry Fitzgerald",FA,"100.9","0","0","54","409","1","0","0","0"
"379",14,"Danny Amendola",FA,"106.4","0","0","46","602","0","1","2","0"
"380",14,"Tyler Conklin",MIN,"44.4","0","0","19","194","1","0","0","0"
"381",14,"Royce Freeman",DEN,"37.1","0","0","12","81","0","35","170","0"
"382",14,"Cordarrelle Patterson",ATL,"69.4","0","0","21","132","0","64","232","1"
"383",14,"Tutu Atwell",LAR,"0","0","0","0","0","0","0","0","0"
"384",14,"Antonio Gandy-Golden",WAS,"3.5","0","0","1","3","0","1","22","0"
"385",14,"Las Vegas Raiders",LV,"43","0","0","0","0","0","0","0","0"
"386",14,"Nick Folk",NE,"123","0","0","0","0","0","0","0","0"
"387",14,"Adam Humphries",WAS,"57.8","0","0","23","228","2","1","0","0"
"388",14,"Jacob Hollister",BUF,"65.9","0","0","25","209","3","0","0","0"
"389",14,"Tyler Johnson",TB,"40.9","0","0","12","169","2","0","0","0"
"390",14,"Dez Fitzpatrick",TEN,"0","0","0","0","0","0","0","0","0"
"391",14,"Kylin Hill",GB,"0","0","0","0","0","0","0","0","0"
"392",15,"Evan McPherson",CIN,"0","0","0","0","0","0","0","0","0"
"393",15,"Cameron Brate",TB,"68.2","0","0","28","282","2","0","0","0"
"394",15,"Collin Johnson",JAC,"59.2","0","0","18","272","2","0","0","0"
"395",15,"Cincinnati Bengals",CIN,"45","0","0","0","0","0","0","0","0"
"396",15,"Alshon Jeffery",FA,"23.5","0","0","6","115","1","0","0","0"
"397",15,"Cornell Powell",KC,"0","0","0","0","0","0","0","0","0"
"398",15,"Devin Duvernay",BAL,"53.1","0","0","20","201","0","4","70","0"
"399",15,"Tylan Wallace",BAL,"0","0","0","0","0","0","0","0","0"
"400",15,"Brevin Jordan",HOU,"0","0","0","0","0","0","0","0","0"
"401",15,"Dare Ogunbowale",JAC,"29.9","0","0","10","54","0","32","145","0"
"402",15,"Khalil Herbert",CHI,"0","0","0","0","0","0","0","0","0"
"403",15,"Devine Ozigbo",JAC,"13.3","0","0","9","42","0","1","1","0"
"404",15,"Jordan Love",GB,"0","0","0","0","0","0","0","0","0"
"405",15,"Tucker McCann",TEN,"0","0","0","0","0","0","0","0","0"
"406",15,"Greg Joseph",MIN,"0","0","0","0","0","0","0","0","0"
"407",15,"Jalen Hurd",SF,"0","0","0","0","0","0","0","0","0"
"408",15,"Davis Mills",HOU,"0","0","0","0","0","0","0","0","0"
"409",15,"Gardner Minshew II",JAC,"165.66","2259","16","0","0","0","29","153","1"
"410",15,"Auden Tate",CIN,"29","0","0","14","150","0","0","0","0"
"411",15,"Maxx Williams",ARI,"24.2","0","0","8","102","1","0","0","0"
"412",15,"Mitchell Trubisky",BUF,"161.7","2055","16","0","0","0","33","195","1"
"413",15,"Frank Gore",FA,"100.2","0","0","16","89","0","187","653","2"
"414",15,"Kyle Juszczyk",SF,"81.6","0","0","19","202","4","17","64","2"
"415",15,"Alex Collins",SEA,"21.1","0","0","1","4","0","18","77","2"
"416",15,"James O'Shaughnessy",JAC,"54.2","0","0","28","262","0","0","0","0"
"417",15,"Gerrid Doaks",MIA,"0","0","0","0","0","0","0","0","0"
"418",15,"Hunter Long",MIA,"0","0","0","0","0","0","0","0","0"
"419",15,"Jacob Harris",LAR,"0","0","0","0","0","0","0","0","0"
"420",15,"Sam Ficken",NYJ,"54","0","0","0","0","0","0","0","0"
"421",15,"Foster Moreau",LV,"33","0","0","7","140","2","0","0","0"
"422",15,"David Moore",CAR,"118.8","0","0","35","417","6","8","61","0"
"423",15,"Jaret Patterson",WAS,"0","0","0","0","0","0","0","0","0"
"424",15,"Chris Conley",HOU,"97.1","0","0","40","471","2","0","0","0"
"425",15,"Dazz Newsome",CHI,"0","0","0","0","0","0","0","0","0"
"426",15,"Cam Sims",WAS,"86.2","0","0","32","477","1","1","5","0"
"427",15,"LeSean McCoy",FA,"28.2","0","0","15","101","0","10","31","0"
"428",15,"Darwin Thompson",KC,"33.2","0","0","7","65","1","27","97","1"
"429",15,"Raymond Calais",LAR,"0","0","0","0","0","0","0","0","0"
"430",15,"Anthony Schwartz",CLE,"0","0","0","0","0","0","0","0","0"
"431",15,"Isaiah McKenzie",BUF,"99.58","0","0","30","282","5","10","9","0"
"432",15,"Geoff Swaim",TEN,"23.3","0","0","9","83","1","0","0","0"
"433",15,"JaMycal Hasty",SF,"31.1","0","0","7","33","0","39","148","1"
"434",15,"Travis Homer",SEA,"32.8","0","0","9","90","1","25","88","0"
"435",15,"Noah Gray",KC,"0","0","0","0","0","0","0","0","0"
"436",15,"Tim Tebow",JAC,"0","0","0","0","0","0","0","0","0"
"437",15,"Ihmir Smith-Marsette",MIN,"0","0","0","0","0","0","0","0","0"
"438",15,"Taylor Heinicke",WAS,"11.68","137","1","0","0","0","3","22","0"
"439",15,"Lil'Jordan Humphrey",NO,"13.6","0","0","3","46","1","0","0","0"
"440",15,"Devin Funchess",GB,"0","0","0","0","0","0","0","0","0"
"441",15,"Kene Nwangwu",MIN,"0","0","0","0","0","0","0","0","0"
"442",15,"Darren Fells",DET,"76.2","0","0","21","312","4","0","0","0"
"443",15,"Jaylen Samuels",PIT,"16.4","0","0","9","46","0","9","28","0"
"444",15,"Jacob Eason",IND,"0","0","0","0","0","0","0","0","0"
"445",15,"Mohamed Sanu",SF,"44","0","0","17","187","1","1","3","0"
"446",15,"Pooka Williams Jr.",CIN,"0","0","0","0","0","0","0","0","0"
"447",15,"Ameer Abdullah",MIN,"30","0","0","8","58","2","8","42","0"
"448",15,"Ryquell Armstead",FA,"0","0","0","0","0","0","0","0","0"
"449",15,"Ryan Griffin",NYJ,"17.6","0","0","9","86","0","0","0","0"
"450",15,"Trenton Cannon",CAR,"7.9","0","0","3","16","0","10","33","0"
"451",15,"Equanimeous St. Brown",GB,"25.4","0","0","7","117","1","1","7","0"
"452",15,"Devonta Freeman",NO,"36","0","0","7","58","0","54","172","1"
"453",15,"Damiere Byrd",CHI,"114.9","0","0","47","604","1","2","15","0"
"454",15,"Kenny Stills",BUF,"31.4","0","0","11","144","1","0","0","0"
"455",15,"Tommy Tremble",CAR,"0","0","0","0","0","0","0","0","0"
"456",15,"Zay Jones",LV,"36.56","0","0","14","154","1","0","0","0"
"457",15,"Brycen Hopkins",LAR,"0","0","0","0","0","0","0","0","0"
"458",15,"Ty Montgomery",NO,"15.8","0","0","3","27","0","19","101","0"
"459",15,"Kelvin Harmon",WAS,"0","0","0","0","0","0","0","0","0"
"460",15,"Jeremy McNichols",TEN,"43.9","0","0","12","55","0","47","204","1"
"461",15,"Jace Sternberger",GB,"29.4","0","0","12","114","1","0","0","0"
"462",15,"Tyler Kroft",NYJ,"41.9","0","0","12","119","3","0","0","0"
"463",15,"Willie Snead IV",LV,"94.2","0","0","33","432","3","0","0","0"
"464",16,"Olabisi Johnson",MIN,"34.9","0","0","14","189","0","0","0","0"
"465",16,"Jakeem Grant Sr.",MIA,"87.3","0","0","36","373","1","3","20","0"
"466",16,"Trey Burton",FA,"83.3","0","0","28","250","3","2","3","2"
"467",16,"Aldrick Rosas",JAC,"39","0","0","0","0","0","0","0","0"
"468",16,"Marquise Goodwin",CHI,"0","0","0","0","0","0","0","0","0"
"469",16,"Nick Boyle",BAL,"37.3","0","0","14","113","2","0","0","0"
"470",16,"Frank Darby",ATL,"0","0","0","0","0","0","0","0","0"
"471",16,"Richard Rodgers",PHI,"70.5","0","0","24","345","2","0","0","0"
"472",16,"Kahale Warring",HOU,"6.5","0","0","3","35","0","0","0","0"
"473",16,"Dion Lewis",FA,"57.2","0","0","19","127","1","29","115","2"
"474",16,"Richie James Jr.",SF,"64.4","0","0","23","394","1","0","0","0"
"475",16,"Marcus Mariota",LV,"26.84","226","1","0","0","0","9","88","1"
"476",16,"Chase McLaughlin",CLE,"20","0","0","0","0","0","0","0","0"
"477",16,"Trayveon Williams",CIN,"21.7","0","0","5","30","0","26","157","0"
"478",16,"Freddie Swain",SEA,"40.9","0","0","13","159","2","0","0","0"
"479",16,"Kenny Yeboah",NYJ,"0","0","0","0","0","0","0","0","0"
"480",16,"Andrew Jacas",SF,"0","0","0","0","0","0","0","0","0"
"481",16,"Chris Manhertz",JAC,"11.2","0","0","6","52","0","0","0","0"
"482",16,"Nick Vannett",NO,"29.5","0","0","14","95","1","0","0","0"
"483",16,"Gary Brightwell",NYG,"0","0","0","0","0","0","0","0","0"
"484",16,"Cedrick Wilson",DAL,"51.62","0","0","17","189","2","3","-12","0"
"485",16,"Sage Surratt",DET,"0","0","0","0","0","0","0","0","0"
"486",16,"Adam Shaheen",MIA,"45","0","0","12","150","3","0","0","0"
"487",16,"Hunter Bryant",DET,"5.4","0","0","1","44","0","0","0","0"
"488",16,"Kylen Granson",IND,"0","0","0","0","0","0","0","0","0"
"489",16,"Patrick Ricard",BAL,"17","0","0","9","45","1","1","-1","0"
"490",16,"C.J. Ham",MIN,"25.5","0","0","8","97","1","5","18","0"
"491",16,"J.J. Arcega-Whiteside",PHI,"14.5","0","0","4","85","0","0","0","0"
"492",16,"Shi Smith",CAR,"0","0","0","0","0","0","0","0","0"
"493",16,"Chad Beebe",MIN,"50.1","0","0","20","201","2","0","0","0"
"494",16,"Josh Oliver",BAL,"0","0","0","0","0","0","0","0","0"
"495",16,"Tajae Sharpe",ATL,"0","0","0","0","0","0","0","0","0"
"496",16,"Jaelon Darden",TB,"0","0","0","0","0","0","0","0","0"
"497",16,"Stevie Scott III",NO,"0","0","0","0","0","0","0","0","0"
"498",16,"Antonio Williams",BUF,"21.3","0","0","1","20","0","12","63","2"
"499",16,"Demetric Felton",CLE,"0","0","0","0","0","0","0","0","0"
"500",16,"T.J. Yeldon",FA,"16.2","0","0","1","22","1","10","70","0"
"501",16,"Braxton Berrios",NYJ,"97.3","0","0","37","394","3","3","29","0"
"502",16,"Marquez Stevenson",BUF,"0","0","0","0","0","0","0","0","0"
"503",16,"Geronimo Allison",DET,"0","0","0","0","0","0","0","0","0"
"504",16,"Blake Bell",KC,"22.2","0","0","11","110","0","1","2","0"
"505",16,"Josiah Deguara",GB,"2.2","0","0","1","12","0","0","0","0"
"506",16,"D'Onta Foreman",FA,"17","0","0","1","5","1","22","95","0"
"507",16,"Nick Foles",CHI,"112.18","1852","10","0","0","0","16","1","1"
"508",16,"Isaiah Coulter",HOU,"0","0","0","0","0","0","0","0","0"
"509",16,"Dwayne Haskins",PIT,"75.16","1439","5","0","0","0","20","46","1"